event_type_encoded,Duration,FileType,FileExtension
6002025-04-05 16:13:32,modified,7,.txt
2025-04-05 16:13:32,modified,7,.txt
2025-04-05 16:13:32,modified,7,.csv
2025-04-05 16:13:32,modified,7,.csv
2025-04-05 16:13:32,modified,7,.csv
2025-04-05 16:13:32,modified,7,.csv
2025-04-05 16:13:32,modified,7,.txt
2025-04-05 16:13:32,modified,7,.csv
2025-04-05 16:13:32,modified,7,.txt
2025-04-05 16:13:32,modified,7,.csv
2025-04-05 16:13:32,modified,7,.csv
2025-04-05 16:13:32,modified,7,.csv
2025-04-05 16:13:33,modified,7,.csv
2025-04-05 16:13:33,modified,7,.csv
2025-04-05 16:13:33,modified,7,.csv
2025-04-05 16:13:33,modified,7,.csv
2025-04-05 16:13:33,modified,7,.txt
2025-04-05 16:13:33,modified,7,.csv
2025-04-05 16:13:33,modified,7,.csv
2025-04-05 16:13:33,modified,7,.csv
2025-04-05 16:13:33,modified,7,.csv
2025-04-05 16:13:33,modified,7,.csv
2025-04-05 16:13:33,modified,7,.csv
2025-04-05 16:13:33,modified,7,.csv
2025-04-05 16:13:33,modified,7,.csv
2025-04-05 16:13:33,modified,7,.csv
2025-04-05 16:13:33,modified,7,.csv
2025-04-05 16:13:33,modified,7,.csv
2025-04-05 16:13:33,modified,7,.csv
2025-04-05 16:13:33,modified,7,.csv
2025-04-05 16:13:33,modified,7,.csv
2025-04-05 16:14:50,modified,7,.csv
2025-04-05 16:14:50,modified,7,.txt
2025-04-05 16:14:50,modified,7,.txt
2025-04-05 16:14:50,modified,7,.csv
2025-04-05 16:14:50,modified,7,.csv
2025-04-05 16:14:50,modified,7,.csv
2025-04-05 16:14:50,modified,7,.csv
2025-04-05 16:14:50,modified,7,.csv
2025-04-05 16:14:50,modified,7,.csv
2025-04-05 16:14:50,modified,7,.csv
2025-04-05 16:14:50,modified,7,.csv
2025-04-05 16:14:50,modified,7,.csv
2025-04-05 16:14:50,modified,7,.csv
2025-04-05 16:14:50,modified,7,.csv
2025-04-05 16:14:50,modified,7,.csv
2025-04-05 16:14:50,modified,7,.csv
2025-04-05 16:14:50,modified,7,.csv
2025-04-05 16:14:50,modified,7,.csv
2025-04-05 16:14:50,modified,7,.csv
2025-04-05 16:14:50,modified,7,.csv
2025-04-05 16:14:50,modified,7,.csv
2025-04-05 16:14:50,modified,7,.csv
2025-04-05 16:14:50,modified,7,.csv
2025-04-05 16:14:50,modified,7,.csv
2025-04-05 16:14:50,modified,7,.csv
2025-04-05 16:14:50,modified,7,.csv
2025-04-05 16:14:50,modified,7,.csv
2025-04-05 16:14:50,modified,7,.csv
2025-04-05 16:14:50,modified,7,.csv
2025-04-05 16:14:50,modified,7,.csv
2025-04-05 16:14:50,modified,7,.csv
2025-04-05 16:14:54,modified,7,.csv
2025-04-05 16:14:54,modified,7,.csv
2025-04-05 16:14:54,modified,7,.csv
2025-04-05 16:14:54,modified,7,.csv
2025-04-05 16:14:54,modified,7,.csv
2025-04-05 16:14:54,modified,7,.csv
2025-04-05 16:14:54,modified,7,.csv
2025-04-05 16:14:54,modified,7,.csv
2025-04-05 16:14:54,modified,7,.csv
2025-04-05 16:14:54,modified,7,.csv
2025-04-05 16:14:54,modified,7,.csv
2025-04-05 16:14:54,modified,7,.csv
2025-04-05 16:14:54,modified,7,.csv
2025-04-05 16:14:54,modified,7,.csv
2025-04-05 16:14:54,modified,7,.csv
2025-04-05 16:14:54,modified,7,.csv
2025-04-05 16:14:54,modified,7,.csv
2025-04-05 16:14:54,modified,7,.csv
2025-04-05 16:14:54,modified,7,.csv
2025-04-05 16:14:54,modified,7,.csv
2025-04-05 16:14:54,modified,7,.csv
2025-04-05 16:14:54,modified,7,.csv
2025-04-05 16:14:54,modified,7,.csv
2025-04-05 16:14:54,modified,7,.csv
2025-04-05 16:14:54,modified,7,.csv
2025-04-05 16:14:54,modified,7,.csv
2025-04-05 16:14:54,modified,7,.csv
2025-04-05 16:14:54,modified,7,.csv
2025-04-05 16:14:54,modified,7,.csv
2025-04-05 16:14:54,modified,7,.csv
2025-04-05 16:14:54,modified,7,.csv
2025-04-05 16:14:57,modified,7,.csv
2025-04-05 16:14:57,modified,7,.csv
2025-04-05 16:14:57,modified,7,.csv
2025-04-05 16:14:57,modified,7,.csv
2025-04-05 16:14:57,modified,7,.csv
2025-04-05 16:14:57,modified,7,.csv
2025-04-05 16:14:57,modified,7,.csv
2025-04-05 16:14:57,modified,7,.csv
2025-04-05 16:14:57,modified,7,.csv
2025-04-05 16:14:57,modified,7,.csv
2025-04-05 16:14:57,modified,7,.csv
2025-04-05 16:14:57,modified,7,.csv
2025-04-05 16:14:57,modified,7,.csv
2025-04-05 16:14:57,modified,7,.csv
2025-04-05 16:14:57,modified,7,.csv
2025-04-05 16:14:57,modified,7,.csv
2025-04-05 16:14:57,modified,7,.csv
2025-04-05 16:14:57,modified,7,.csv
2025-04-05 16:14:57,modified,7,.csv
2025-04-05 16:14:57,modified,7,.csv
2025-04-05 16:14:57,modified,7,.csv
2025-04-05 16:14:57,modified,7,.csv
2025-04-05 16:14:57,modified,7,.csv
2025-04-05 16:14:57,modified,7,.csv
2025-04-05 16:14:57,modified,7,.csv
2025-04-05 16:14:57,modified,7,.csv
2025-04-05 16:14:57,modified,7,.csv
2025-04-05 16:14:57,modified,7,.csv
2025-04-05 16:14:57,modified,7,.csv
2025-04-05 16:14:57,modified,7,.csv
2025-04-05 16:14:57,modified,7,.csv
2025-04-05 16:16:30,created,7,.txt
2025-04-05 16:16:30,modified,7,.csv
2025-04-05 16:16:30,modified,7,.csv
2025-04-05 16:16:30,modified,7,.csv
2025-04-05 16:16:30,modified,7,.csv
2025-04-05 16:16:30,modified,7,.csv
2025-04-05 16:16:30,modified,7,.csv
2025-04-05 16:16:30,modified,7,.csv
2025-04-05 16:16:30,modified,7,.csv
2025-04-05 16:16:30,modified,7,.csv
2025-04-05 16:16:30,modified,7,.csv
2025-04-05 16:16:31,modified,7,.csv
2025-04-05 16:16:31,modified,7,.csv
2025-04-05 16:16:31,modified,7,.csv
2025-04-05 16:16:31,modified,7,.csv
2025-04-05 16:16:31,modified,7,.csv
2025-04-05 16:16:31,modified,7,.csv
2025-04-05 16:16:31,modified,7,.csv
2025-04-05 16:16:31,modified,7,.csv
2025-04-05 16:16:31,modified,7,.csv
2025-04-05 16:16:31,modified,7,.csv
2025-04-05 16:16:31,modified,7,.csv
2025-04-05 16:16:31,modified,7,.csv
2025-04-05 16:16:31,modified,7,.csv
2025-04-05 16:16:31,modified,7,.csv
2025-04-05 16:16:31,modified,7,.csv
2025-04-05 16:16:31,modified,7,.csv
2025-04-05 16:16:31,modified,7,.csv
2025-04-05 16:16:31,modified,7,.csv
2025-04-05 16:16:31,modified,7,.csv
2025-04-05 16:16:31,modified,7,.csv
2025-04-05 16:16:37,modified,7,.csv
2025-04-05 16:16:37,modified,7,.csv
2025-04-05 16:16:37,modified,7,.csv
2025-04-05 16:16:37,modified,7,.csv
2025-04-05 16:16:37,modified,7,.csv
2025-04-05 16:16:37,modified,7,.csv
2025-04-05 16:16:37,modified,7,.csv
2025-04-05 16:16:37,modified,7,.csv
2025-04-05 16:16:37,modified,7,.csv
2025-04-05 16:16:37,modified,7,.csv
2025-04-05 16:16:37,modified,7,.csv
2025-04-05 16:16:37,modified,7,.csv
2025-04-05 16:16:37,modified,7,.csv
2025-04-05 16:16:37,modified,7,.csv
2025-04-05 16:16:37,modified,7,.csv
2025-04-05 16:16:37,modified,7,.csv
2025-04-05 16:16:37,modified,7,.csv
2025-04-05 16:16:37,modified,7,.csv
2025-04-05 16:16:37,modified,7,.csv
2025-04-05 16:16:37,modified,7,.csv
2025-04-05 16:16:37,modified,7,.csv
2025-04-05 16:16:37,modified,7,.csv
2025-04-05 16:16:37,modified,7,.csv
2025-04-05 16:16:37,modified,7,.csv
2025-04-05 16:16:37,modified,7,.csv
2025-04-05 16:16:37,modified,7,.csv
2025-04-05 16:16:37,modified,7,.csv
2025-04-05 16:16:37,modified,7,.csv
2025-04-05 16:16:37,modified,7,.csv
2025-04-05 16:16:37,modified,7,.csv
2025-04-05 16:16:37,modified,7,.csv
2025-04-05 16:16:40,modified,7,.csv
2025-04-05 16:16:40,modified,7,.csv
2025-04-05 16:16:40,modified,7,.csv
2025-04-05 16:16:40,modified,7,.csv
2025-04-05 16:16:40,modified,7,.csv
2025-04-05 16:16:40,modified,7,.csv
2025-04-05 16:16:40,modified,7,.csv
2025-04-05 16:16:40,modified,7,.csv
2025-04-05 16:16:40,modified,7,.csv
2025-04-05 16:16:40,modified,7,.csv
2025-04-05 16:16:40,modified,7,.csv
2025-04-05 16:16:40,modified,7,.csv
2025-04-05 16:16:40,modified,7,.csv
2025-04-05 16:16:40,modified,7,.csv
2025-04-05 16:16:40,modified,7,.csv
2025-04-05 16:16:40,modified,7,.csv
2025-04-05 16:16:40,modified,7,.csv
2025-04-05 16:16:40,modified,7,.csv
2025-04-05 16:16:40,modified,7,.csv
2025-04-05 16:16:40,modified,7,.csv
2025-04-05 16:16:40,modified,7,.csv
2025-04-05 16:16:40,modified,7,.csv
2025-04-05 16:16:40,modified,7,.csv
2025-04-05 16:16:40,modified,7,.csv
2025-04-05 16:16:40,modified,7,.csv
2025-04-05 16:16:40,modified,7,.csv
2025-04-05 16:16:40,modified,7,.csv
2025-04-05 16:16:40,modified,7,.csv
2025-04-05 16:16:40,modified,7,.csv
2025-04-05 16:16:40,modified,7,.csv
2025-04-05 16:16:40,modified,7,.csv
2025-04-05 16:16:48,modified,7,.csv
2025-04-05 16:16:48,modified,7,.csv
2025-04-05 16:16:48,modified,7,.csv
2025-04-05 16:16:48,modified,7,.csv
2025-04-05 16:16:49,modified,7,.csv
2025-04-05 16:16:49,modified,7,.csv
2025-04-05 16:16:49,modified,7,.csv
2025-04-05 16:16:49,modified,7,.csv
2025-04-05 16:16:49,modified,7,.csv
2025-04-05 16:16:49,modified,7,.csv
2025-04-05 16:16:49,modified,7,.csv
2025-04-05 16:16:49,modified,7,.csv
2025-04-05 16:16:49,modified,7,.csv
2025-04-05 16:16:49,modified,7,.csv
2025-04-05 16:16:49,modified,7,.csv
2025-04-05 16:16:49,modified,7,.csv
2025-04-05 16:16:49,modified,7,.csv
2025-04-05 16:16:49,modified,7,.csv
2025-04-05 16:16:49,modified,7,.csv
2025-04-05 16:16:49,modified,7,.csv
2025-04-05 16:16:49,modified,7,.csv
2025-04-05 16:16:49,modified,7,.csv
2025-04-05 16:16:49,modified,7,.csv
2025-04-05 16:16:49,modified,7,.csv
2025-04-05 16:16:49,modified,7,.csv
2025-04-05 16:16:49,modified,7,.csv
2025-04-05 16:16:49,modified,7,.csv
2025-04-05 16:16:49,modified,7,.csv
2025-04-05 16:16:49,modified,7,.csv
2025-04-05 16:16:49,modified,7,.csv
2025-04-05 16:16:49,modified,7,.csv
2025-04-05 16:16:50,modified,7,.csv
2025-04-05 16:16:50,modified,7,.csv
2025-04-05 16:16:50,modified,7,.csv
2025-04-05 16:16:50,modified,7,.csv
2025-04-05 16:16:50,modified,7,.csv
2025-04-05 16:16:50,modified,7,.csv
2025-04-05 16:16:50,modified,7,.csv
2025-04-05 16:16:50,modified,7,.csv
2025-04-05 16:16:50,modified,7,.csv
2025-04-05 16:16:50,modified,7,.csv
2025-04-05 16:16:50,modified,7,.csv
2025-04-05 16:16:50,modified,7,.csv
2025-04-05 16:16:50,modified,7,.csv
2025-04-05 16:16:50,modified,7,.csv
2025-04-05 16:16:50,modified,7,.csv
2025-04-05 16:16:50,modified,7,.csv
2025-04-05 16:16:50,modified,7,.csv
2025-04-05 16:16:51,modified,7,.csv
2025-04-05 16:16:51,modified,7,.csv
2025-04-05 16:16:51,modified,7,.csv
2025-04-05 16:16:51,modified,7,.csv
2025-04-05 16:16:51,modified,7,.csv
2025-04-05 16:16:51,modified,7,.csv
2025-04-05 16:16:51,modified,7,.csv
2025-04-05 16:16:51,modified,7,.csv
2025-04-05 16:16:51,modified,7,.csv
2025-04-05 16:16:51,modified,7,.csv
2025-04-05 16:16:51,modified,7,.csv
2025-04-05 16:16:51,modified,7,.csv
2025-04-05 16:16:51,modified,7,.csv
2025-04-05 16:16:51,modified,7,.csv
2025-04-05 16:16:51,modified,7,.csv
2025-04-05 16:16:51,modified,7,.txt
2025-04-05 16:16:51,modified,7,.csv
2025-04-05 16:16:51,modified,7,.csv
2025-04-05 16:16:51,modified,7,.csv
2025-04-05 16:16:51,modified,7,.csv
2025-04-05 16:16:51,modified,7,.csv
2025-04-05 16:16:51,modified,7,.csv
2025-04-05 16:16:51,modified,7,.csv
2025-04-05 16:16:51,modified,7,.csv
2025-04-05 16:16:51,modified,7,.csv
2025-04-05 16:16:52,modified,7,.csv
2025-04-05 16:16:52,modified,7,.csv
2025-04-05 16:16:52,modified,7,.csv
2025-04-05 16:16:52,modified,7,.csv
2025-04-05 16:16:52,modified,7,.csv
2025-04-05 16:16:52,modified,7,.csv
2025-04-05 16:16:52,modified,7,.txt
2025-04-05 16:16:52,modified,7,.csv
2025-04-05 16:16:52,modified,7,.csv
2025-04-05 16:16:52,modified,7,.csv
2025-04-05 16:16:52,modified,7,.csv
2025-04-05 16:16:52,modified,7,.csv
2025-04-05 16:16:52,modified,7,.csv
2025-04-05 16:16:52,modified,7,.csv
2025-04-05 16:16:52,modified,7,.csv
2025-04-05 16:16:52,modified,7,.csv
2025-04-05 16:16:52,modified,7,.csv
2025-04-05 16:16:52,modified,7,.csv
2025-04-05 16:16:52,modified,7,.csv
2025-04-05 16:16:52,modified,7,.csv
2025-04-05 16:16:52,modified,7,.csv
2025-04-05 16:16:52,modified,7,.txt
2025-04-05 16:16:52,modified,7,.csv
2025-04-05 16:16:52,modified,7,.csv
2025-04-05 16:16:52,modified,7,.csv
2025-04-05 16:16:52,modified,7,.csv
2025-04-05 16:16:52,modified,7,.csv
2025-04-05 16:16:52,modified,7,.csv
2025-04-05 16:16:52,modified,7,.csv
2025-04-05 16:16:52,modified,7,.csv
2025-04-05 16:16:52,modified,7,.csv
2025-04-05 16:16:52,modified,7,.csv
2025-04-05 16:16:52,modified,7,.csv
2025-04-05 16:16:52,modified,7,.csv
2025-04-05 16:16:52,modified,7,.csv
2025-04-05 16:16:52,modified,7,.csv
2025-04-05 16:16:52,modified,7,.csv
2025-04-05 16:16:53,modified,7,.csv
2025-04-05 16:16:53,modified,7,.csv
2025-04-05 16:16:53,modified,7,.csv
2025-04-05 16:16:53,modified,7,.csv
2025-04-05 16:16:53,modified,7,.csv
2025-04-05 16:16:53,modified,7,.csv
2025-04-05 16:16:53,modified,7,.csv
2025-04-05 16:16:53,modified,7,.csv
2025-04-05 16:16:53,modified,7,.csv
2025-04-05 16:16:53,modified,7,.csv
2025-04-05 16:16:53,modified,7,.csv
2025-04-05 16:16:53,modified,7,.csv
2025-04-05 16:16:53,modified,7,.csv
2025-04-05 16:16:53,modified,7,.csv
2025-04-05 16:16:53,modified,7,.csv
2025-04-05 16:16:53,modified,7,.csv
2025-04-05 16:16:53,modified,7,.csv
2025-04-05 16:16:53,modified,7,.csv
2025-04-05 16:16:53,modified,7,.csv
2025-04-05 16:16:53,modified,7,.csv
2025-04-05 16:16:53,modified,7,.csv
2025-04-05 16:16:53,modified,7,.csv
2025-04-05 16:16:53,modified,7,.csv
2025-04-05 16:16:53,modified,7,.csv
2025-04-05 16:16:53,modified,7,.csv
2025-04-05 16:16:53,modified,7,.csv
2025-04-05 16:16:53,modified,7,.csv
2025-04-05 16:16:53,modified,7,.csv
2025-04-05 16:16:53,modified,7,.csv
2025-04-05 16:16:53,modified,7,.csv
2025-04-05 16:16:53,modified,7,.csv
2025-04-05 16:16:53,modified,7,.csv
2025-04-05 16:16:53,modified,7,.csv
2025-04-05 16:16:53,modified,7,.csv
2025-04-05 16:16:53,modified,7,.csv
2025-04-05 16:16:53,modified,7,.csv
2025-04-05 16:16:53,modified,7,.csv
2025-04-05 16:16:53,modified,7,.csv
2025-04-05 16:16:53,modified,7,.csv
2025-04-05 16:16:53,modified,7,.csv
2025-04-05 16:16:53,modified,7,.csv
2025-04-05 16:16:53,modified,7,.csv
2025-04-05 16:16:53,modified,7,.csv
2025-04-05 16:16:53,modified,7,.csv
2025-04-05 16:16:53,modified,7,.csv
2025-04-05 16:16:54,modified,7,.csv
2025-04-05 16:16:54,modified,7,.csv
2025-04-05 16:16:54,modified,7,.csv
2025-04-05 16:16:54,modified,7,.csv
2025-04-05 16:16:54,modified,7,.csv
2025-04-05 16:16:54,modified,7,.csv
2025-04-05 16:16:54,modified,7,.csv
2025-04-05 16:16:54,modified,7,.csv
2025-04-05 16:16:54,modified,7,.csv
2025-04-05 16:16:54,modified,7,.csv
2025-04-05 16:16:54,modified,7,.csv
2025-04-05 16:16:54,modified,7,.csv
2025-04-05 16:16:54,modified,7,.csv
2025-04-05 16:16:54,modified,7,.csv
2025-04-05 16:16:54,modified,7,.csv
2025-04-05 16:16:54,modified,7,.csv
2025-04-05 16:16:54,modified,7,.csv
2025-04-05 16:16:54,modified,7,.csv
2025-04-05 16:16:54,modified,7,.csv
2025-04-05 16:16:54,modified,7,.csv
2025-04-05 16:16:54,modified,7,.csv
2025-04-05 16:16:54,modified,7,.csv
2025-04-05 16:16:54,modified,7,.csv
2025-04-05 16:16:54,modified,7,.csv
2025-04-05 16:16:54,modified,7,.csv
2025-04-05 16:16:54,modified,7,.csv
2025-04-05 16:16:54,modified,7,.csv
2025-04-05 16:16:54,modified,7,.csv
2025-04-05 16:16:54,modified,7,.csv
2025-04-05 16:16:54,modified,7,.csv
2025-04-05 16:16:54,modified,7,.csv
2025-04-05 16:16:55,modified,7,.csv
2025-04-05 16:16:55,modified,7,.csv
2025-04-05 16:16:55,modified,7,.csv
2025-04-05 16:16:55,modified,7,.csv
2025-04-05 16:16:55,modified,7,.csv
2025-04-05 16:16:55,modified,7,.csv
2025-04-05 16:16:55,modified,7,.csv
2025-04-05 16:16:55,modified,7,.csv
2025-04-05 16:16:55,modified,7,.csv
2025-04-05 16:16:55,modified,7,.csv
2025-04-05 16:16:55,modified,7,.csv
2025-04-05 16:16:55,modified,7,.csv
2025-04-05 16:16:55,modified,7,.csv
2025-04-05 16:16:55,modified,7,.csv
2025-04-05 16:16:55,modified,7,.csv
2025-04-05 16:16:55,modified,7,.csv
2025-04-05 16:16:55,modified,7,.csv
2025-04-05 16:16:55,modified,7,.csv
2025-04-05 16:16:55,modified,7,.csv
2025-04-05 16:16:55,modified,7,.csv
2025-04-05 16:16:55,modified,7,.csv
2025-04-05 16:16:55,modified,7,.csv
2025-04-05 16:16:55,modified,7,.csv
2025-04-05 16:16:55,modified,7,.csv
2025-04-05 16:16:55,modified,7,.csv
2025-04-05 16:16:55,modified,7,.csv
2025-04-05 16:16:55,modified,7,.csv
2025-04-05 16:16:55,modified,7,.csv
2025-04-05 16:16:55,modified,7,.csv
2025-04-05 16:16:55,modified,7,.csv
2025-04-05 16:16:55,modified,7,.csv
2025-04-05 16:16:56,modified,7,.csv
2025-04-05 16:16:56,modified,7,.csv
2025-04-05 16:16:56,modified,7,.csv
2025-04-05 16:16:56,modified,7,.csv
2025-04-05 16:16:56,modified,7,.csv
2025-04-05 16:16:56,modified,7,.csv
2025-04-05 16:16:56,modified,7,.csv
2025-04-05 16:16:56,modified,7,.csv
2025-04-05 16:16:56,modified,7,.csv
2025-04-05 16:16:56,modified,7,.csv
2025-04-05 16:16:56,modified,7,.csv
2025-04-05 16:16:56,modified,7,.csv
2025-04-05 16:16:56,modified,7,.csv
2025-04-05 16:16:56,modified,7,.csv
2025-04-05 16:16:56,modified,7,.csv
2025-04-05 16:16:56,modified,7,.csv
2025-04-05 16:16:56,modified,7,.csv
2025-04-05 16:16:56,modified,7,.csv
2025-04-05 16:16:56,modified,7,.csv
2025-04-05 16:16:56,modified,7,.csv
2025-04-05 16:16:56,modified,7,.csv
2025-04-05 16:16:56,modified,7,.csv
2025-04-05 16:16:56,modified,7,.csv
2025-04-05 16:16:56,modified,7,.csv
2025-04-05 16:16:56,modified,7,.csv
2025-04-05 16:16:56,modified,7,.csv
2025-04-05 16:16:56,modified,7,.csv
2025-04-05 16:16:56,modified,7,.csv
2025-04-05 16:16:56,modified,7,.csv
2025-04-05 16:16:56,modified,7,.csv
2025-04-05 16:16:56,modified,7,.csv
2025-04-05 16:16:56,modified,7,.csv
2025-04-05 16:16:56,modified,7,.csv
2025-04-05 16:16:57,modified,7,.csv
2025-04-05 16:16:57,modified,7,.csv
2025-04-05 16:16:57,modified,7,.csv
2025-04-05 16:16:57,modified,7,.csv
2025-04-05 16:16:57,modified,7,.csv
2025-04-05 16:16:57,modified,7,.csv
2025-04-05 16:16:57,modified,7,.csv
2025-04-05 16:16:57,modified,7,.csv
2025-04-05 16:16:57,modified,7,.csv
2025-04-05 16:16:57,modified,7,.csv
2025-04-05 16:16:57,modified,7,.csv
2025-04-05 16:16:57,modified,7,.csv
2025-04-05 16:16:57,modified,7,.csv
2025-04-05 16:16:57,modified,7,.csv
2025-04-05 16:16:57,modified,7,.csv
2025-04-05 16:16:57,modified,7,.csv
2025-04-05 16:16:57,modified,7,.csv
2025-04-05 16:16:57,modified,7,.csv
2025-04-05 16:16:57,modified,7,.csv
2025-04-05 16:16:57,modified,7,.csv
2025-04-05 16:16:57,modified,7,.csv
2025-04-05 16:16:57,modified,7,.csv
2025-04-05 16:16:57,modified,7,.csv
2025-04-05 16:16:57,modified,7,.csv
2025-04-05 16:16:57,modified,7,.csv
2025-04-05 16:16:57,modified,7,.csv
2025-04-05 16:16:57,modified,7,.csv
2025-04-05 16:16:57,modified,7,.csv
2025-04-05 16:16:57,modified,7,.csv
2025-04-05 16:17:03,modified,7,.csv
2025-04-05 16:17:03,modified,7,.txt
2025-04-05 16:17:03,modified,7,.csv
2025-04-05 16:17:03,modified,7,.csv
2025-04-05 16:17:03,modified,7,.csv
2025-04-05 16:17:03,modified,7,.csv
2025-04-05 16:17:03,modified,7,.csv
2025-04-05 16:17:03,modified,7,.csv
2025-04-05 16:17:03,modified,7,.csv
2025-04-05 16:17:03,modified,7,.csv
2025-04-05 16:17:03,modified,7,.csv
2025-04-05 16:17:03,modified,7,.csv
2025-04-05 16:17:03,modified,7,.csv
2025-04-05 16:17:03,modified,7,.csv
2025-04-05 16:17:03,modified,7,.csv
2025-04-05 16:17:03,modified,7,.csv
2025-04-05 16:17:03,modified,7,.csv
2025-04-05 16:17:03,modified,7,.csv
2025-04-05 16:17:03,modified,7,.csv
2025-04-05 16:17:03,modified,7,.csv
2025-04-05 16:17:03,modified,7,.csv
2025-04-05 16:17:03,modified,7,.csv
2025-04-05 16:17:03,modified,7,.csv
2025-04-05 16:17:03,modified,7,.csv
2025-04-05 16:17:03,modified,7,.csv
2025-04-05 16:17:03,modified,7,.csv
2025-04-05 16:17:03,modified,7,.csv
2025-04-05 16:17:03,modified,7,.csv
2025-04-05 16:17:04,modified,7,.csv
2025-04-05 16:17:04,modified,7,.csv
2025-04-05 16:17:04,modified,7,.csv
2025-04-05 16:17:10,modified,7,.csv
2025-04-05 16:17:10,modified,7,.csv
2025-04-05 16:17:10,modified,7,.csv
2025-04-05 16:17:10,modified,7,.csv
2025-04-05 16:17:10,modified,7,.csv
2025-04-05 16:17:10,modified,7,.csv
2025-04-05 16:17:10,modified,7,.csv
2025-04-05 16:17:10,modified,7,.csv
2025-04-05 16:17:10,modified,7,.csv
2025-04-05 16:17:10,modified,7,.csv
2025-04-05 16:17:10,modified,7,.csv
2025-04-05 16:17:10,modified,7,.csv
2025-04-05 16:17:10,modified,7,.csv
2025-04-05 16:17:10,modified,7,.csv
2025-04-05 16:17:10,modified,7,.csv
2025-04-05 16:17:10,modified,7,.csv
2025-04-05 16:17:10,modified,7,.csv
2025-04-05 16:17:10,modified,7,.csv
2025-04-05 16:17:10,modified,7,.csv
2025-04-05 16:17:10,modified,7,.csv
2025-04-05 16:17:10,modified,7,.csv
2025-04-05 16:17:10,modified,7,.csv
2025-04-05 16:17:10,modified,7,.csv
2025-04-05 16:17:10,modified,7,.csv
2025-04-05 16:17:10,modified,7,.csv
2025-04-05 16:17:10,modified,7,.csv
2025-04-05 16:17:10,modified,7,.csv
2025-04-05 16:17:10,modified,7,.csv
2025-04-05 16:17:10,modified,7,.csv
2025-04-05 16:17:10,modified,7,.csv
2025-04-05 16:17:10,modified,7,.csv
2025-04-05 16:17:14,modified,7,.csv
2025-04-05 16:17:14,modified,7,.csv
2025-04-05 16:17:14,modified,7,.csv
2025-04-05 16:17:14,modified,7,.csv
2025-04-05 16:17:14,modified,7,.csv
2025-04-05 16:17:14,modified,7,.csv
2025-04-05 16:17:14,modified,7,.csv
2025-04-05 16:17:14,modified,7,.csv
2025-04-05 16:17:14,modified,7,.csv
2025-04-05 16:17:14,modified,7,.csv
2025-04-05 16:17:14,modified,7,.csv
2025-04-05 16:17:14,modified,7,.csv
2025-04-05 16:17:14,modified,7,.csv
2025-04-05 16:17:14,modified,7,.csv
2025-04-05 16:17:14,modified,7,.csv
2025-04-05 16:17:14,modified,7,.csv
2025-04-05 16:17:14,modified,7,.csv
2025-04-05 16:17:14,modified,7,.csv
2025-04-05 16:17:14,modified,7,.csv
2025-04-05 16:17:14,modified,7,.csv
2025-04-05 16:17:14,modified,7,.csv
2025-04-05 16:17:14,modified,7,.csv
2025-04-05 16:17:14,modified,7,.csv
2025-04-05 16:17:14,modified,7,.csv
2025-04-05 16:17:14,modified,7,.csv
2025-04-05 16:17:14,modified,7,.csv
2025-04-05 16:17:14,modified,7,.csv
2025-04-05 16:17:14,modified,7,.csv
2025-04-05 16:17:14,modified,7,.csv
2025-04-05 16:17:14,modified,7,.csv
2025-04-05 16:17:14,modified,7,.csv
2025-04-05 16:17:20,modified,7,.csv
2025-04-05 16:17:20,modified,7,.csv
2025-04-05 16:17:20,modified,7,.csv
2025-04-05 16:17:20,modified,7,.csv
2025-04-05 16:17:20,modified,7,.csv
2025-04-05 16:17:20,modified,7,.csv
2025-04-05 16:17:20,modified,7,.csv
2025-04-05 16:17:20,modified,7,.csv
2025-04-05 16:17:20,modified,7,.csv
2025-04-05 16:17:20,modified,7,.csv
2025-04-05 16:17:20,modified,7,.csv
2025-04-05 16:17:20,modified,7,.csv
2025-04-05 16:17:20,modified,7,.csv
2025-04-05 16:17:20,modified,7,.csv
2025-04-05 16:17:20,modified,7,.csv
2025-04-05 16:17:20,modified,7,.csv
2025-04-05 16:17:20,modified,7,.csv
2025-04-05 16:17:20,modified,7,.csv
2025-04-05 16:17:20,modified,7,.csv
2025-04-05 16:17:20,modified,7,.csv
2025-04-05 16:17:20,modified,7,.csv
2025-04-05 16:17:20,modified,7,.csv
2025-04-05 16:17:20,modified,7,.csv
2025-04-05 16:17:20,modified,7,.csv
2025-04-05 16:17:20,modified,7,.csv
2025-04-05 16:17:20,modified,7,.csv
2025-04-05 16:17:20,modified,7,.csv
2025-04-05 16:17:20,modified,7,.csv
2025-04-05 16:17:20,modified,7,.csv
2025-04-05 16:17:20,modified,7,.csv
2025-04-05 16:17:20,modified,7,.csv
2025-04-05 16:17:27,modified,7,.csv
2025-04-05 16:17:27,modified,7,.csv
2025-04-05 16:17:27,modified,7,.csv
2025-04-05 16:17:27,modified,7,.csv
2025-04-05 16:17:27,modified,7,.csv
2025-04-05 16:17:27,modified,7,.csv
2025-04-05 16:17:27,modified,7,.csv
2025-04-05 16:17:27,modified,7,.csv
2025-04-05 16:17:27,modified,7,.csv
2025-04-05 16:17:27,modified,7,.csv
2025-04-05 16:17:27,modified,7,.csv
2025-04-05 16:17:27,modified,7,.csv
2025-04-05 16:17:27,modified,7,.csv
2025-04-05 16:17:27,modified,7,.csv
2025-04-05 16:17:27,modified,7,.csv
2025-04-05 16:17:27,modified,7,.csv
2025-04-05 16:17:27,modified,7,.csv
2025-04-05 16:17:27,modified,7,.csv
2025-04-05 16:17:27,modified,7,.csv
2025-04-05 16:17:27,modified,7,.csv
2025-04-05 16:17:27,modified,7,.csv
2025-04-05 16:17:27,modified,7,.csv
2025-04-05 16:17:27,modified,7,.csv
2025-04-05 16:17:27,modified,7,.csv
2025-04-05 16:17:27,modified,7,.csv
2025-04-05 16:17:27,modified,7,.csv
2025-04-05 16:17:27,modified,7,.csv
2025-04-05 16:17:27,modified,7,.csv
2025-04-05 16:17:27,modified,7,.csv
2025-04-05 16:17:27,modified,7,.csv
2025-04-05 16:17:27,modified,7,.csv
2025-04-05 16:17:36,modified,7,.csv
2025-04-05 16:17:36,modified,7,.csv
2025-04-05 16:17:36,modified,7,.csv
2025-04-05 16:17:36,modified,7,.csv
2025-04-05 16:17:36,modified,7,.csv
2025-04-05 16:17:36,modified,7,.csv
2025-04-05 16:17:36,modified,7,.csv
2025-04-05 16:17:36,modified,7,.csv
2025-04-05 16:17:36,modified,7,.csv
2025-04-05 16:17:36,modified,7,.csv
2025-04-05 16:17:36,modified,7,.csv
2025-04-05 16:17:36,modified,7,.csv
2025-04-05 16:17:36,modified,7,.csv
2025-04-05 16:17:36,modified,7,.csv
2025-04-05 16:17:36,modified,7,.csv
2025-04-05 16:17:36,modified,7,.csv
2025-04-05 16:17:36,modified,7,.csv
2025-04-05 16:17:36,modified,7,.csv
2025-04-05 16:17:36,modified,7,.csv
2025-04-05 16:17:36,modified,7,.csv
2025-04-05 16:17:36,modified,7,.csv
2025-04-05 16:17:36,modified,7,.csv
2025-04-05 16:17:36,modified,7,.csv
2025-04-05 16:17:36,modified,7,.csv
2025-04-05 16:17:36,modified,7,.csv
2025-04-05 16:17:36,modified,7,.csv
2025-04-05 16:17:36,modified,7,.csv
2025-04-05 16:17:36,modified,7,.csv
2025-04-05 16:17:36,modified,7,.csv
2025-04-05 16:17:36,modified,7,.csv
2025-04-05 16:17:36,modified,7,.csv
2025-04-05 16:17:37,modified,7,.csv
2025-04-05 16:17:37,modified,7,.txt
2025-04-05 16:17:37,modified,7,.csv
2025-04-05 16:17:37,modified,7,.csv
2025-04-05 16:17:37,modified,7,.csv
2025-04-05 16:17:37,modified,7,.csv
2025-04-05 16:17:37,modified,7,.csv
2025-04-05 16:17:37,modified,7,.csv
2025-04-05 16:17:37,modified,7,.csv
2025-04-05 16:17:37,modified,7,.csv
2025-04-05 16:17:37,modified,7,.csv
2025-04-05 16:17:37,modified,7,.csv
2025-04-05 16:17:38,modified,7,.csv
2025-04-05 16:17:38,modified,7,.csv
2025-04-05 16:17:38,modified,7,.csv
2025-04-05 16:17:38,modified,7,.csv
2025-04-05 16:17:38,modified,7,.csv
2025-04-05 16:17:38,modified,7,.csv
2025-04-05 16:17:38,modified,7,.csv
2025-04-05 16:17:38,modified,7,.csv
2025-04-05 16:17:38,modified,7,.csv
2025-04-05 16:17:38,modified,7,.csv
2025-04-05 16:17:38,modified,7,.csv
2025-04-05 16:17:38,modified,7,.csv
2025-04-05 16:17:38,modified,7,.csv
2025-04-05 16:17:38,modified,7,.csv
2025-04-05 16:17:38,modified,7,.csv
2025-04-05 16:17:38,modified,7,.csv
2025-04-05 16:17:38,modified,7,.csv
2025-04-05 16:17:38,modified,7,.csv
2025-04-05 16:17:38,modified,7,.csv
2025-04-05 16:17:38,modified,7,.csv
2025-04-05 16:17:38,modified,7,.csv
2025-04-05 16:17:38,modified,7,.csv
2025-04-05 16:17:38,modified,7,.csv
2025-04-05 16:17:38,modified,7,.csv
2025-04-05 16:17:38,modified,7,.csv
2025-04-05 16:17:38,modified,7,.csv
2025-04-05 16:17:38,modified,7,.csv
2025-04-05 16:17:38,modified,7,.csv
2025-04-05 16:17:39,modified,7,.csv
2025-04-05 16:17:39,modified,7,.csv
2025-04-05 16:17:39,modified,7,.csv
2025-04-05 16:17:39,modified,7,.csv
2025-04-05 16:17:39,modified,7,.csv
2025-04-05 16:17:39,modified,7,.csv
2025-04-05 16:17:39,modified,7,.csv
2025-04-05 16:17:39,modified,7,.csv
2025-04-05 16:17:39,modified,7,.csv
2025-04-05 16:17:39,modified,7,.csv
2025-04-05 16:17:39,modified,7,.csv
2025-04-05 16:17:39,modified,7,.csv
2025-04-05 16:17:39,modified,7,.csv
2025-04-05 16:17:39,modified,7,.csv
2025-04-05 16:17:39,modified,7,.csv
2025-04-05 16:17:39,modified,7,.csv
2025-04-05 16:17:39,modified,7,.csv
2025-04-05 16:17:39,modified,7,.csv
2025-04-05 16:17:39,modified,7,.csv
2025-04-05 16:17:39,modified,7,.csv
2025-04-05 16:17:39,modified,7,.csv
2025-04-05 16:17:39,modified,7,.csv
2025-04-05 16:17:39,modified,7,.csv
2025-04-05 16:17:39,modified,7,.csv
2025-04-05 16:17:39,modified,7,.csv
2025-04-05 16:17:39,modified,7,.csv
2025-04-05 16:17:39,modified,7,.csv
2025-04-05 16:17:39,modified,7,.csv
2025-04-05 16:17:39,modified,7,.csv
2025-04-05 16:17:39,modified,7,.csv
2025-04-05 16:17:40,modified,7,.csv
2025-04-05 16:17:40,modified,7,.csv
2025-04-05 16:17:40,modified,7,.csv
2025-04-05 16:17:40,modified,7,.csv
2025-04-05 16:17:40,modified,7,.csv
2025-04-05 16:17:40,modified,7,.csv
2025-04-05 16:17:40,modified,7,.csv
2025-04-05 16:17:40,modified,7,.csv
2025-04-05 16:17:40,modified,7,.csv
2025-04-05 16:17:40,modified,7,.csv
2025-04-05 16:17:40,modified,7,.csv
2025-04-05 16:17:40,modified,7,.csv
2025-04-05 16:17:40,modified,7,.csv
2025-04-05 16:17:40,modified,7,.csv
2025-04-05 16:17:40,modified,7,.csv
2025-04-05 16:17:40,modified,7,.csv
2025-04-05 16:17:40,modified,7,.csv
2025-04-05 16:17:40,modified,7,.csv
2025-04-05 16:17:40,modified,7,.csv
2025-04-05 16:17:40,modified,7,.csv
2025-04-05 16:17:40,modified,7,.csv
2025-04-05 16:17:40,modified,7,.csv
2025-04-05 16:17:40,modified,7,.csv
2025-04-05 16:17:40,modified,7,.csv
2025-04-05 16:17:40,modified,7,.csv
2025-04-05 16:17:40,modified,7,.csv
2025-04-05 16:17:40,modified,7,.csv
2025-04-05 16:17:40,modified,7,.csv
2025-04-05 16:17:40,modified,7,.csv
2025-04-05 16:17:40,modified,7,.csv
2025-04-05 16:17:41,modified,7,.csv
2025-04-05 16:17:41,modified,7,.csv
2025-04-05 16:17:41,modified,7,.csv
2025-04-05 16:17:41,modified,7,.csv
2025-04-05 16:17:41,modified,7,.csv
2025-04-05 16:17:41,modified,7,.csv
2025-04-05 16:17:41,modified,7,.csv
2025-04-05 16:17:41,modified,7,.csv
2025-04-05 16:17:41,modified,7,.csv
2025-04-05 16:17:41,modified,7,.csv
2025-04-05 16:17:41,modified,7,.csv
2025-04-05 16:17:41,modified,7,.csv
2025-04-05 16:17:41,modified,7,.csv
2025-04-05 16:17:41,modified,7,.csv
2025-04-05 16:17:41,modified,7,.csv
2025-04-05 16:17:41,modified,7,.csv
2025-04-05 16:17:41,modified,7,.csv
2025-04-05 16:17:41,modified,7,.csv
2025-04-05 16:17:41,modified,7,.csv
2025-04-05 16:17:41,modified,7,.csv
2025-04-05 16:17:41,modified,7,.csv
2025-04-05 16:17:41,modified,7,.csv
2025-04-05 16:17:41,modified,7,.csv
2025-04-05 16:17:41,modified,7,.csv
2025-04-05 16:17:41,modified,7,.csv
2025-04-05 16:17:41,modified,7,.csv
2025-04-05 16:17:41,modified,7,.csv
2025-04-05 16:17:41,modified,7,.csv
2025-04-05 16:17:41,modified,7,.csv
2025-04-05 16:17:41,modified,7,.csv
2025-04-05 16:17:41,modified,7,.csv
2025-04-05 16:17:41,modified,7,.csv
2025-04-05 16:17:41,modified,7,.csv
2025-04-05 16:17:41,modified,7,.csv
2025-04-05 16:17:41,modified,7,.csv
2025-04-05 16:17:41,modified,7,.csv
2025-04-05 16:17:41,modified,7,.csv
2025-04-05 16:17:41,modified,7,.csv
2025-04-05 16:17:41,modified,7,.csv
2025-04-05 16:17:42,modified,7,.csv
2025-04-05 16:17:42,modified,7,.csv
2025-04-05 16:17:42,modified,7,.csv
2025-04-05 16:17:42,modified,7,.csv
2025-04-05 16:17:42,modified,7,.csv
2025-04-05 16:17:42,modified,7,.csv
2025-04-05 16:17:42,modified,7,.csv
2025-04-05 16:17:42,modified,7,.csv
2025-04-05 16:17:42,modified,7,.csv
2025-04-05 16:17:42,modified,7,.csv
2025-04-05 16:17:42,modified,7,.csv
2025-04-05 16:17:42,modified,7,.csv
2025-04-05 16:17:42,modified,7,.csv
2025-04-05 16:17:42,modified,7,.csv
2025-04-05 16:17:42,modified,7,.csv
2025-04-05 16:17:42,modified,7,.csv
2025-04-05 16:17:42,modified,7,.csv
2025-04-05 16:17:42,modified,7,.csv
2025-04-05 16:17:42,modified,7,.csv
2025-04-05 16:17:42,modified,7,.csv
2025-04-05 16:17:42,modified,7,.csv
2025-04-05 16:17:42,modified,7,.csv
2025-04-05 16:17:42,modified,7,.csv
2025-04-05 16:17:42,modified,7,.csv
2025-04-05 16:17:42,modified,7,.csv
2025-04-05 16:17:42,modified,7,.csv
2025-04-05 16:17:42,modified,7,.csv
2025-04-05 16:17:42,modified,7,.csv
2025-04-05 16:17:42,modified,7,.csv
2025-04-05 16:17:42,modified,7,.csv
2025-04-05 16:17:42,modified,7,.csv
2025-04-05 16:17:42,modified,7,.csv
2025-04-05 16:17:43,modified,7,.csv
2025-04-05 16:17:43,modified,7,.csv
2025-04-05 16:17:43,modified,7,.csv
2025-04-05 16:17:43,modified,7,.csv
2025-04-05 16:17:43,modified,7,.csv
2025-04-05 16:17:43,modified,7,.csv
2025-04-05 16:17:43,modified,7,.csv
2025-04-05 16:17:43,modified,7,.csv
2025-04-05 16:17:43,modified,7,.csv
2025-04-05 16:17:43,modified,7,.csv
2025-04-05 16:17:43,modified,7,.csv
2025-04-05 16:17:43,modified,7,.csv
2025-04-05 16:17:43,modified,7,.csv
2025-04-05 16:17:43,modified,7,.csv
2025-04-05 16:17:43,modified,7,.csv
2025-04-05 16:17:43,modified,7,.csv
2025-04-05 16:17:43,modified,7,.csv
2025-04-05 16:17:43,modified,7,.csv
2025-04-05 16:17:43,modified,7,.csv
2025-04-05 16:17:43,modified,7,.csv
2025-04-05 16:17:43,modified,7,.csv
2025-04-05 16:17:43,modified,7,.csv
2025-04-05 16:17:43,modified,7,.csv
2025-04-05 16:17:43,modified,7,.csv
2025-04-05 16:17:43,modified,7,.csv
2025-04-05 16:17:43,modified,7,.csv
2025-04-05 16:17:43,modified,7,.csv
2025-04-05 16:17:43,modified,7,.csv
2025-04-05 16:17:43,modified,7,.csv
2025-04-05 16:17:43,modified,7,.csv
2025-04-05 16:17:43,modified,7,.csv
2025-04-05 16:17:43,modified,7,.csv
2025-04-05 16:17:43,modified,7,.csv
2025-04-05 16:17:43,modified,7,.csv
2025-04-05 16:17:43,modified,7,.csv
2025-04-05 16:17:43,modified,7,.csv
2025-04-05 16:17:43,modified,7,.csv
2025-04-05 16:17:43,modified,7,.csv
2025-04-05 16:17:43,modified,7,.csv
2025-04-05 16:17:43,modified,7,.csv
2025-04-05 16:17:43,modified,7,.csv
2025-04-05 16:17:43,modified,7,.csv
2025-04-05 16:17:44,modified,7,.csv
2025-04-05 16:17:44,modified,7,.csv
2025-04-05 16:17:44,modified,7,.csv
2025-04-05 16:17:44,modified,7,.csv
2025-04-05 16:17:49,modified,7,.csv
2025-04-05 16:17:49,modified,7,.txt
2025-04-05 16:17:49,modified,7,.csv
2025-04-05 16:17:49,modified,7,.csv
2025-04-05 16:17:49,modified,7,.csv
2025-04-05 16:17:49,modified,7,.csv
2025-04-05 16:17:49,modified,7,.csv
2025-04-05 16:17:49,modified,7,.csv
2025-04-05 16:17:49,modified,7,.csv
2025-04-05 16:17:49,modified,7,.csv
2025-04-05 16:17:49,modified,7,.csv
2025-04-05 16:17:49,modified,7,.csv
2025-04-05 16:17:49,modified,7,.csv
2025-04-05 16:17:49,modified,7,.csv
2025-04-05 16:17:49,modified,7,.csv
2025-04-05 16:17:49,modified,7,.csv
2025-04-05 16:17:49,modified,7,.csv
2025-04-05 16:17:49,modified,7,.csv
2025-04-05 16:17:49,modified,7,.csv
2025-04-05 16:17:49,modified,7,.csv
2025-04-05 16:17:49,modified,7,.csv
2025-04-05 16:17:49,modified,7,.csv
2025-04-05 16:17:49,modified,7,.csv
2025-04-05 16:17:49,modified,7,.csv
2025-04-05 16:17:49,modified,7,.csv
2025-04-05 16:17:49,modified,7,.csv
2025-04-05 16:17:49,modified,7,.csv
2025-04-05 16:17:49,modified,7,.csv
2025-04-05 16:17:49,modified,7,.csv
2025-04-05 16:17:49,modified,7,.csv
2025-04-05 16:17:49,modified,7,.csv
2025-04-07 07:19:53,modified,7,.txt
2025-04-07 07:19:53,modified,7,.csv
2025-04-07 07:19:53,modified,7,.csv
2025-04-07 07:19:53,modified,7,.csv
2025-04-07 07:19:53,modified,7,.csv
2025-04-07 07:19:53,modified,7,.csv
2025-04-07 07:19:53,modified,7,.csv
2025-04-07 07:19:53,modified,7,.csv
2025-04-07 07:19:53,modified,7,.csv
2025-04-07 07:19:53,modified,7,.csv
2025-04-07 07:19:53,modified,7,.csv
2025-04-07 07:19:53,modified,7,.csv
2025-04-07 07:19:53,modified,7,.csv
2025-04-07 07:19:53,modified,7,.csv
2025-04-07 07:19:53,modified,7,.csv
2025-04-07 07:19:53,modified,7,.csv
2025-04-07 07:19:53,modified,7,.csv
2025-04-07 07:19:53,modified,7,.csv
2025-04-07 07:19:53,modified,7,.csv
2025-04-07 07:19:53,modified,7,.csv
2025-04-07 07:19:53,modified,7,.csv
2025-04-07 07:19:53,modified,7,.csv
2025-04-07 07:19:53,modified,7,.csv
2025-04-07 07:19:53,modified,7,.csv
2025-04-07 07:19:53,modified,7,.csv
2025-04-07 07:19:53,modified,7,.csv
2025-04-07 07:19:53,modified,7,.csv
2025-04-07 07:19:53,modified,7,.csv
2025-04-07 07:19:53,modified,7,.csv
2025-04-07 07:19:53,modified,7,.csv
2025-04-07 07:19:53,modified,7,.csv
2025-04-07 07:20:27,modified,7,.csv
2025-04-07 07:20:27,modified,7,.txt
2025-04-07 07:20:27,modified,7,.csv
2025-04-07 07:20:27,modified,7,.csv
2025-04-07 07:20:27,modified,7,.csv
2025-04-07 07:20:27,modified,7,.csv
2025-04-07 07:20:27,modified,7,.csv
2025-04-07 07:20:27,modified,7,.csv
2025-04-07 07:20:27,modified,7,.csv
2025-04-07 07:20:27,modified,7,.csv
2025-04-07 07:20:27,modified,7,.csv
2025-04-07 07:20:27,modified,7,.csv
2025-04-07 07:20:27,modified,7,.csv
2025-04-07 07:20:27,modified,7,.csv
2025-04-07 07:20:27,modified,7,.csv
2025-04-07 07:20:27,modified,7,.csv
2025-04-07 07:20:27,modified,7,.csv
2025-04-07 07:20:27,modified,7,.csv
2025-04-07 07:20:27,modified,7,.csv
2025-04-07 07:20:27,modified,7,.csv
2025-04-07 07:20:27,modified,7,.csv
2025-04-07 07:20:27,modified,7,.csv
2025-04-07 07:20:27,modified,7,.csv
2025-04-07 07:20:27,modified,7,.csv
2025-04-07 07:20:27,modified,7,.csv
2025-04-07 07:20:27,modified,7,.csv
2025-04-07 07:20:27,modified,7,.csv
2025-04-07 07:20:27,modified,7,.csv
2025-04-07 07:20:27,modified,7,.csv
2025-04-07 07:20:27,modified,7,.csv
2025-04-07 07:20:27,modified,7,.csv
2025-04-07 07:20:28,modified,7,.csv
2025-04-07 07:20:28,modified,7,.csv
2025-04-07 07:20:28,modified,7,.csv
2025-04-07 07:20:28,modified,7,.csv
2025-04-07 07:20:28,modified,7,.csv
2025-04-07 07:20:28,modified,7,.csv
2025-04-07 07:20:28,modified,7,.csv
2025-04-07 07:20:28,modified,7,.csv
2025-04-07 07:20:28,modified,7,.csv
2025-04-07 07:20:28,modified,7,.csv
2025-04-07 07:20:28,modified,7,.csv
2025-04-07 07:20:28,modified,7,.csv
2025-04-07 07:20:28,modified,7,.csv
2025-04-07 07:20:28,modified,7,.csv
2025-04-07 07:20:28,modified,7,.csv
2025-04-07 07:20:28,modified,7,.csv
2025-04-07 07:20:28,modified,7,.csv
2025-04-07 07:20:28,modified,7,.csv
2025-04-07 07:20:28,modified,7,.csv
2025-04-07 07:20:28,modified,7,.csv
2025-04-07 07:20:28,modified,7,.csv
2025-04-07 07:20:28,modified,7,.csv
2025-04-07 07:20:28,modified,7,.csv
2025-04-07 07:20:28,modified,7,.csv
2025-04-07 07:20:28,modified,7,.csv
2025-04-07 07:20:28,modified,7,.csv
2025-04-07 07:20:28,modified,7,.csv
2025-04-07 07:20:28,modified,7,.csv
2025-04-07 07:20:28,modified,7,.csv
2025-04-07 07:20:28,modified,7,.csv
2025-04-07 07:20:28,modified,7,.csv
2025-04-07 07:20:29,modified,7,.csv
2025-04-07 07:20:29,modified,7,.csv
2025-04-07 07:20:29,modified,7,.csv
2025-04-07 07:20:29,modified,7,.csv
2025-04-07 07:20:29,modified,7,.csv
2025-04-07 07:20:29,modified,7,.csv
2025-04-07 07:20:29,modified,7,.csv
2025-04-07 07:20:29,modified,7,.csv
2025-04-07 07:20:29,modified,7,.csv
2025-04-07 07:20:29,modified,7,.csv
2025-04-07 07:20:29,modified,7,.csv
2025-04-07 07:20:29,modified,7,.csv
2025-04-07 07:20:29,modified,7,.csv
2025-04-07 07:20:29,modified,7,.csv
2025-04-07 07:20:29,modified,7,.csv
2025-04-07 07:20:29,modified,7,.csv
2025-04-07 07:20:29,modified,7,.csv
2025-04-07 07:20:29,modified,7,.csv
2025-04-07 07:20:29,modified,7,.csv
2025-04-07 07:20:29,modified,7,.csv
2025-04-07 07:20:29,modified,7,.csv
2025-04-07 07:20:29,modified,7,.csv
2025-04-07 07:20:29,modified,7,.csv
2025-04-07 07:20:29,modified,7,.csv
2025-04-07 07:20:29,modified,7,.csv
2025-04-07 07:20:29,modified,7,.csv
2025-04-07 07:20:29,modified,7,.csv
2025-04-07 07:20:29,modified,7,.csv
2025-04-07 07:20:29,modified,7,.csv
2025-04-07 07:20:29,modified,7,.csv
2025-04-07 07:20:29,modified,7,.csv
2025-04-07 07:20:32,modified,7,.csv
2025-04-07 07:20:32,modified,7,.csv
2025-04-07 07:20:32,modified,7,.csv
2025-04-07 07:20:32,modified,7,.csv
2025-04-07 07:20:32,modified,7,.csv
2025-04-07 07:20:32,modified,7,.csv
2025-04-07 07:20:32,modified,7,.csv
2025-04-07 07:20:32,modified,7,.csv
2025-04-07 07:20:32,modified,7,.csv
2025-04-07 07:20:32,modified,7,.csv
2025-04-07 07:20:32,modified,7,.csv
2025-04-07 07:20:32,modified,7,.csv
2025-04-07 07:20:32,modified,7,.csv
2025-04-07 07:20:32,modified,7,.csv
2025-04-07 07:20:32,modified,7,.csv
2025-04-07 07:20:32,modified,7,.csv
2025-04-07 07:20:32,modified,7,.csv
2025-04-07 07:20:32,modified,7,.csv
2025-04-07 07:20:32,modified,7,.csv
2025-04-07 07:20:32,modified,7,.csv
2025-04-07 07:20:32,modified,7,.csv
2025-04-07 07:20:32,modified,7,.csv
2025-04-07 07:20:32,modified,7,.csv
2025-04-07 07:20:32,modified,7,.csv
2025-04-07 07:20:32,modified,7,.csv
2025-04-07 07:20:32,modified,7,.csv
2025-04-07 07:20:32,modified,7,.csv
2025-04-07 07:20:32,modified,7,.csv
2025-04-07 07:20:32,modified,7,.csv
2025-04-07 07:20:32,modified,7,.csv
2025-04-07 07:20:32,modified,7,.csv
2025-04-07 07:20:35,modified,7,.csv
2025-04-07 07:20:35,modified,7,.csv
2025-04-07 07:20:35,modified,7,.csv
2025-04-07 07:20:36,modified,7,.csv
2025-04-07 07:20:36,modified,7,.csv
2025-04-07 07:20:36,modified,7,.csv
2025-04-07 07:20:36,modified,7,.csv
2025-04-07 07:20:36,modified,7,.csv
2025-04-07 07:20:36,modified,7,.csv
2025-04-07 07:20:36,modified,7,.csv
2025-04-07 07:20:36,modified,7,.csv
2025-04-07 07:20:36,modified,7,.csv
2025-04-07 07:20:36,modified,7,.csv
2025-04-07 07:20:36,modified,7,.csv
2025-04-07 07:20:36,modified,7,.csv
2025-04-07 07:20:36,modified,7,.csv
2025-04-07 07:20:36,modified,7,.csv
2025-04-07 07:20:36,modified,7,.csv
2025-04-07 07:20:36,modified,7,.csv
2025-04-07 07:20:36,modified,7,.csv
2025-04-07 07:20:36,modified,7,.csv
2025-04-07 07:20:36,modified,7,.csv
2025-04-07 07:20:36,modified,7,.csv
2025-04-07 07:20:36,modified,7,.csv
2025-04-07 07:20:36,modified,7,.csv
2025-04-07 07:20:36,modified,7,.csv
2025-04-07 07:20:36,modified,7,.csv
2025-04-07 07:20:36,modified,7,.csv
2025-04-07 07:20:36,modified,7,.csv
2025-04-07 07:20:36,modified,7,.csv
2025-04-07 07:20:36,modified,7,.csv
2025-04-07 07:20:37,modified,7,.csv
2025-04-07 07:20:37,modified,7,.csv
2025-04-07 07:20:37,modified,7,.csv
2025-04-07 07:20:37,modified,7,.csv
2025-04-07 07:20:37,modified,7,.csv
2025-04-07 07:20:37,modified,7,.csv
2025-04-07 07:20:37,modified,7,.csv
2025-04-07 07:20:37,modified,7,.csv
2025-04-07 07:20:37,modified,7,.csv
2025-04-07 07:20:37,modified,7,.csv
2025-04-07 07:20:37,modified,7,.csv
2025-04-07 07:20:37,modified,7,.csv
2025-04-07 07:20:37,modified,7,.csv
2025-04-07 07:20:37,modified,7,.csv
2025-04-07 07:20:37,modified,7,.csv
2025-04-07 07:20:37,modified,7,.csv
2025-04-07 07:20:37,modified,7,.csv
2025-04-07 07:20:37,modified,7,.csv
2025-04-07 07:20:37,modified,7,.csv
2025-04-07 07:20:37,modified,7,.csv
2025-04-07 07:20:37,modified,7,.csv
2025-04-07 07:20:37,modified,7,.csv
2025-04-07 07:20:37,modified,7,.csv
2025-04-07 07:20:37,modified,7,.csv
2025-04-07 07:20:37,modified,7,.csv
2025-04-07 07:20:37,modified,7,.csv
2025-04-07 07:20:37,modified,7,.csv
2025-04-07 07:20:37,modified,7,.csv
2025-04-07 07:20:37,modified,7,.csv
2025-04-07 07:20:37,modified,7,.csv
2025-04-07 07:20:37,modified,7,.csv
2025-04-07 07:20:39,modified,7,.csv
2025-04-07 07:20:39,modified,7,.csv
2025-04-07 07:20:39,modified,7,.csv
2025-04-07 07:20:39,modified,7,.csv
2025-04-07 07:20:39,modified,7,.csv
2025-04-07 07:20:39,modified,7,.csv
2025-04-07 07:20:39,modified,7,.csv
2025-04-07 07:20:39,modified,7,.csv
2025-04-07 07:20:39,modified,7,.csv
2025-04-07 07:20:39,modified,7,.csv
2025-04-07 07:20:39,modified,7,.csv
2025-04-07 07:20:39,modified,7,.csv
2025-04-07 07:20:39,modified,7,.csv
2025-04-07 07:20:39,modified,7,.csv
2025-04-07 07:20:39,modified,7,.csv
2025-04-07 07:20:39,modified,7,.csv
2025-04-07 07:20:39,modified,7,.csv
2025-04-07 07:20:39,modified,7,.csv
2025-04-07 07:20:39,modified,7,.csv
2025-04-07 07:20:39,modified,7,.csv
2025-04-07 07:20:39,modified,7,.csv
2025-04-07 07:20:39,modified,7,.csv
2025-04-07 07:20:39,modified,7,.csv
2025-04-07 07:20:39,modified,7,.csv
2025-04-07 07:20:39,modified,7,.csv
2025-04-07 07:20:39,modified,7,.csv
2025-04-07 07:20:39,modified,7,.csv
2025-04-07 07:20:39,modified,7,.csv
2025-04-07 07:20:39,modified,7,.csv
2025-04-07 07:20:39,modified,7,.csv
2025-04-07 07:20:39,modified,7,.csv
2025-04-07 07:20:40,modified,7,.csv
2025-04-07 07:20:40,modified,7,.csv
2025-04-07 07:20:40,modified,7,.csv
2025-04-07 07:20:40,modified,7,.csv
2025-04-07 07:20:40,modified,7,.csv
2025-04-07 07:20:40,modified,7,.csv
2025-04-07 07:20:40,modified,7,.csv
2025-04-07 07:20:40,modified,7,.csv
2025-04-07 07:20:40,modified,7,.csv
2025-04-07 07:20:40,modified,7,.csv
2025-04-07 07:20:40,modified,7,.csv
2025-04-07 07:20:40,modified,7,.csv
2025-04-07 07:20:40,modified,7,.csv
2025-04-07 07:20:40,modified,7,.csv
2025-04-07 07:20:40,modified,7,.csv
2025-04-07 07:20:40,modified,7,.csv
2025-04-07 07:20:40,modified,7,.csv
2025-04-07 07:20:40,modified,7,.csv
2025-04-07 07:20:41,modified,7,.csv
2025-04-07 07:20:41,modified,7,.csv
2025-04-07 07:20:41,modified,7,.csv
2025-04-07 07:20:41,modified,7,.csv
2025-04-07 07:20:41,modified,7,.csv
2025-04-07 07:20:41,modified,7,.csv
2025-04-07 07:20:41,modified,7,.csv
2025-04-07 07:20:41,modified,7,.csv
2025-04-07 07:20:41,modified,7,.csv
2025-04-07 07:20:41,modified,7,.csv
2025-04-07 07:20:41,modified,7,.csv
2025-04-07 07:20:41,modified,7,.csv
2025-04-07 07:20:41,modified,7,.csv
2025-04-07 07:20:42,modified,7,.csv
2025-04-07 07:20:42,modified,7,.csv
2025-04-07 07:20:42,modified,7,.csv
2025-04-07 07:20:42,modified,7,.csv
2025-04-07 07:20:42,modified,7,.csv
2025-04-07 07:20:42,modified,7,.csv
2025-04-07 07:20:42,modified,7,.csv
2025-04-07 07:20:42,modified,7,.csv
2025-04-07 07:20:42,modified,7,.csv
2025-04-07 07:20:42,modified,7,.csv
2025-04-07 07:20:42,modified,7,.csv
2025-04-07 07:20:42,modified,7,.csv
2025-04-07 07:20:42,modified,7,.csv
2025-04-07 07:20:42,modified,7,.csv
2025-04-07 07:20:42,modified,7,.csv
2025-04-07 07:20:42,modified,7,.csv
2025-04-07 07:20:42,modified,7,.csv
2025-04-07 07:20:42,modified,7,.csv
2025-04-07 07:20:42,modified,7,.csv
2025-04-07 07:20:42,modified,7,.csv
2025-04-07 07:20:42,modified,7,.csv
2025-04-07 07:20:42,modified,7,.csv
2025-04-07 07:20:42,modified,7,.csv
2025-04-07 07:20:42,modified,7,.csv
2025-04-07 07:20:42,modified,7,.csv
2025-04-07 07:20:42,modified,7,.csv
2025-04-07 07:20:42,modified,7,.csv
2025-04-07 07:20:42,modified,7,.csv
2025-04-07 07:20:42,modified,7,.csv
2025-04-07 07:20:42,modified,7,.csv
2025-04-07 07:20:42,modified,7,.csv
2025-04-07 07:20:45,modified,7,.csv
2025-04-07 07:20:45,modified,7,.csv
2025-04-07 07:20:45,modified,7,.csv
2025-04-07 07:20:45,modified,7,.csv
2025-04-07 07:20:45,modified,7,.csv
2025-04-07 07:20:45,modified,7,.csv
2025-04-07 07:20:45,modified,7,.csv
2025-04-07 07:20:45,modified,7,.csv
2025-04-07 07:20:45,modified,7,.csv
2025-04-07 07:20:45,modified,7,.csv
2025-04-07 07:20:45,modified,7,.csv
2025-04-07 07:20:45,modified,7,.csv
2025-04-07 07:20:45,modified,7,.csv
2025-04-07 07:20:45,modified,7,.csv
2025-04-07 07:20:45,modified,7,.csv
2025-04-07 07:20:45,modified,7,.csv
2025-04-07 07:20:45,modified,7,.csv
2025-04-07 07:20:45,modified,7,.csv
2025-04-07 07:20:45,modified,7,.csv
2025-04-07 07:20:45,modified,7,.csv
2025-04-07 07:20:45,modified,7,.csv
2025-04-07 07:20:45,modified,7,.csv
2025-04-07 07:20:45,modified,7,.csv
2025-04-07 07:20:45,modified,7,.csv
2025-04-07 07:20:45,modified,7,.csv
2025-04-07 07:20:45,modified,7,.csv
2025-04-07 07:20:45,modified,7,.csv
2025-04-07 07:20:45,modified,7,.csv
2025-04-07 07:20:45,modified,7,.csv
2025-04-07 07:20:45,modified,7,.csv
2025-04-07 07:20:45,modified,7,.csv
2025-04-07 07:20:46,modified,7,.csv
2025-04-07 07:20:46,modified,7,.csv
2025-04-07 07:20:46,modified,7,.csv
2025-04-07 07:20:46,modified,7,.csv
2025-04-07 07:20:46,modified,7,.csv
2025-04-07 07:20:46,modified,7,.csv
2025-04-07 07:20:46,modified,7,.csv
2025-04-07 07:20:46,modified,7,.csv
2025-04-07 07:20:46,modified,7,.csv
2025-04-07 07:20:46,modified,7,.csv
2025-04-07 07:20:46,modified,7,.csv
2025-04-07 07:20:46,modified,7,.csv
2025-04-07 07:20:46,modified,7,.csv
2025-04-07 07:20:46,modified,7,.csv
2025-04-07 07:20:46,modified,7,.csv
2025-04-07 07:20:46,modified,7,.csv
2025-04-07 07:20:46,modified,7,.csv
2025-04-07 07:20:46,modified,7,.csv
2025-04-07 07:20:46,modified,7,.csv
2025-04-07 07:20:46,modified,7,.csv
2025-04-07 07:20:46,modified,7,.csv
2025-04-07 07:20:46,modified,7,.csv
2025-04-07 07:20:46,modified,7,.csv
2025-04-07 07:20:46,modified,7,.csv
2025-04-07 07:20:46,modified,7,.csv
2025-04-07 07:20:46,modified,7,.csv
2025-04-07 07:20:46,modified,7,.csv
2025-04-07 07:20:46,modified,7,.csv
2025-04-07 07:20:46,modified,7,.csv
2025-04-07 07:20:46,modified,7,.csv
2025-04-07 07:20:46,modified,7,.csv
2025-04-07 07:20:50,modified,7,.csv
2025-04-07 07:20:50,modified,7,.csv
2025-04-07 07:20:50,modified,7,.csv
2025-04-07 07:20:50,modified,7,.csv
2025-04-07 07:20:51,modified,7,.csv
2025-04-07 07:20:51,modified,7,.csv
2025-04-07 07:20:51,modified,7,.csv
2025-04-07 07:20:51,modified,7,.csv
2025-04-07 07:20:51,modified,7,.csv
2025-04-07 07:20:51,modified,7,.csv
2025-04-07 07:20:51,modified,7,.csv
2025-04-07 07:20:51,modified,7,.csv
2025-04-07 07:20:51,modified,7,.csv
2025-04-07 07:20:51,modified,7,.csv
2025-04-07 07:20:51,modified,7,.csv
2025-04-07 07:20:51,modified,7,.csv
2025-04-07 07:20:51,modified,7,.csv
2025-04-07 07:20:51,modified,7,.csv
2025-04-07 07:20:51,modified,7,.csv
2025-04-07 07:20:51,modified,7,.csv
2025-04-07 07:20:51,modified,7,.csv
2025-04-07 07:20:51,modified,7,.csv
2025-04-07 07:20:51,modified,7,.csv
2025-04-07 07:20:51,modified,7,.csv
2025-04-07 07:20:51,modified,7,.csv
2025-04-07 07:20:51,modified,7,.csv
2025-04-07 07:20:51,modified,7,.csv
2025-04-07 07:20:51,modified,7,.csv
2025-04-07 07:20:51,modified,7,.csv
2025-04-07 07:20:51,modified,7,.csv
2025-04-07 07:20:51,modified,7,.csv
2025-04-07 07:20:52,modified,7,.csv
2025-04-07 07:20:52,modified,7,.csv
2025-04-07 07:20:52,modified,7,.csv
2025-04-07 07:20:52,modified,7,.csv
2025-04-07 07:20:52,modified,7,.csv
2025-04-07 07:20:52,modified,7,.csv
2025-04-07 07:20:52,modified,7,.csv
2025-04-07 07:20:52,modified,7,.csv
2025-04-07 07:20:52,modified,7,.csv
2025-04-07 07:20:52,modified,7,.csv
2025-04-07 07:20:52,modified,7,.csv
2025-04-07 07:20:52,modified,7,.csv
2025-04-07 07:20:52,modified,7,.csv
2025-04-07 07:20:52,modified,7,.csv
2025-04-07 07:20:52,modified,7,.csv
2025-04-07 07:20:52,modified,7,.csv
2025-04-07 07:20:52,modified,7,.csv
2025-04-07 07:20:52,modified,7,.csv
2025-04-07 07:20:52,modified,7,.csv
2025-04-07 07:20:52,modified,7,.csv
2025-04-07 07:20:52,modified,7,.csv
2025-04-07 07:20:52,modified,7,.csv
2025-04-07 07:20:52,modified,7,.csv
2025-04-07 07:20:52,modified,7,.csv
2025-04-07 07:20:52,modified,7,.csv
2025-04-07 07:20:52,modified,7,.csv
2025-04-07 07:20:52,modified,7,.csv
2025-04-07 07:20:52,modified,7,.csv
2025-04-07 07:20:52,modified,7,.csv
2025-04-07 07:20:52,modified,7,.csv
2025-04-07 07:20:52,modified,7,.csv
2025-04-07 07:20:53,modified,7,.csv
2025-04-07 07:20:53,modified,7,.csv
2025-04-07 07:20:53,modified,7,.csv
2025-04-07 07:20:53,modified,7,.csv
2025-04-07 07:20:53,modified,7,.csv
2025-04-07 07:20:53,modified,7,.csv
2025-04-07 07:20:53,modified,7,.csv
2025-04-07 07:20:53,modified,7,.csv
2025-04-07 07:20:53,modified,7,.csv
2025-04-07 07:20:53,modified,7,.csv
2025-04-07 07:20:53,modified,7,.csv
2025-04-07 07:20:53,modified,7,.csv
2025-04-07 07:20:53,modified,7,.csv
2025-04-07 07:20:53,modified,7,.csv
2025-04-07 07:20:53,modified,7,.csv
2025-04-07 07:20:53,modified,7,.csv
2025-04-07 07:20:53,modified,7,.csv
2025-04-07 07:20:53,modified,7,.csv
2025-04-07 07:20:53,modified,7,.csv
2025-04-07 07:20:53,modified,7,.csv
2025-04-07 07:20:53,modified,7,.csv
2025-04-07 07:20:53,modified,7,.csv
2025-04-07 07:20:53,modified,7,.csv
2025-04-07 07:20:53,modified,7,.csv
2025-04-07 07:20:53,modified,7,.csv
2025-04-07 07:20:53,modified,7,.csv
2025-04-07 07:20:53,modified,7,.csv
2025-04-07 07:20:53,modified,7,.csv
2025-04-07 07:20:53,modified,7,.csv
2025-04-07 07:20:53,modified,7,.csv
2025-04-07 07:20:53,modified,7,.csv
2025-04-07 07:20:54,modified,7,.csv
2025-04-07 07:20:54,modified,7,.csv
2025-04-07 07:20:54,modified,7,.csv
2025-04-07 07:20:54,modified,7,.csv
2025-04-07 07:20:54,modified,7,.csv
2025-04-07 07:20:54,modified,7,.csv
2025-04-07 07:20:54,modified,7,.csv
2025-04-07 07:20:54,modified,7,.csv
2025-04-07 07:20:54,modified,7,.csv
2025-04-07 07:20:54,modified,7,.csv
2025-04-07 07:20:54,modified,7,.csv
2025-04-07 07:20:54,modified,7,.csv
2025-04-07 07:20:54,modified,7,.csv
2025-04-07 07:20:54,modified,7,.csv
2025-04-07 07:20:54,modified,7,.csv
2025-04-07 07:20:54,modified,7,.csv
2025-04-07 07:20:54,modified,7,.csv
2025-04-07 07:20:54,modified,7,.csv
2025-04-07 07:20:54,modified,7,.csv
2025-04-07 07:20:54,modified,7,.csv
2025-04-07 07:20:54,modified,7,.csv
2025-04-07 07:20:54,modified,7,.csv
2025-04-07 07:20:54,modified,7,.csv
2025-04-07 07:20:54,modified,7,.csv
2025-04-07 07:20:54,modified,7,.csv
2025-04-07 07:20:54,modified,7,.csv
2025-04-07 07:20:54,modified,7,.csv
2025-04-07 07:20:54,modified,7,.csv
2025-04-07 07:20:54,modified,7,.csv
2025-04-07 07:20:54,modified,7,.csv
2025-04-07 07:20:54,modified,7,.csv
2025-04-07 07:20:55,modified,7,.csv
2025-04-07 07:20:55,modified,7,.csv
2025-04-07 07:20:55,modified,7,.csv
2025-04-07 07:20:55,modified,7,.csv
2025-04-07 07:20:55,modified,7,.csv
2025-04-07 07:20:55,modified,7,.csv
2025-04-07 07:20:55,modified,7,.csv
2025-04-07 07:20:55,modified,7,.csv
2025-04-07 07:20:55,modified,7,.csv
2025-04-07 07:20:55,modified,7,.csv
2025-04-07 07:20:55,modified,7,.csv
2025-04-07 07:20:55,modified,7,.csv
2025-04-07 07:20:55,modified,7,.csv
2025-04-07 07:20:55,modified,7,.csv
2025-04-07 07:20:55,modified,7,.csv
2025-04-07 07:20:55,modified,7,.csv
2025-04-07 07:20:55,modified,7,.csv
2025-04-07 07:20:55,modified,7,.csv
2025-04-07 07:20:55,modified,7,.csv
2025-04-07 07:20:55,modified,7,.csv
2025-04-07 07:20:55,modified,7,.csv
2025-04-07 07:20:55,modified,7,.csv
2025-04-07 07:20:55,modified,7,.csv
2025-04-07 07:20:55,modified,7,.csv
2025-04-07 07:20:55,modified,7,.csv
2025-04-07 07:20:55,modified,7,.csv
2025-04-07 07:20:55,modified,7,.csv
2025-04-07 07:20:55,modified,7,.csv
2025-04-07 07:20:55,modified,7,.csv
2025-04-07 07:20:55,modified,7,.csv
2025-04-07 07:20:55,modified,7,.csv
2025-04-07 07:20:56,modified,7,.csv
2025-04-07 07:20:56,modified,7,.csv
2025-04-07 07:20:56,modified,7,.csv
2025-04-07 07:20:56,modified,7,.csv
2025-04-07 07:20:56,modified,7,.csv
2025-04-07 07:20:56,modified,7,.csv
2025-04-07 07:20:56,modified,7,.csv
2025-04-07 07:20:56,modified,7,.csv
2025-04-07 07:20:56,modified,7,.csv
2025-04-07 07:20:56,modified,7,.csv
2025-04-07 07:20:56,modified,7,.csv
2025-04-07 07:20:56,modified,7,.csv
2025-04-07 07:20:56,modified,7,.csv
2025-04-07 07:20:56,modified,7,.csv
2025-04-07 07:20:56,modified,7,.csv
2025-04-07 07:20:56,modified,7,.csv
2025-04-07 07:20:56,modified,7,.csv
2025-04-07 07:20:56,modified,7,.csv
2025-04-07 07:20:56,modified,7,.csv
2025-04-07 07:20:56,modified,7,.csv
2025-04-07 07:20:56,modified,7,.csv
2025-04-07 07:20:56,modified,7,.csv
2025-04-07 07:20:56,modified,7,.csv
2025-04-07 07:20:56,modified,7,.csv
2025-04-07 07:20:56,modified,7,.csv
2025-04-07 07:20:56,modified,7,.csv
2025-04-07 07:20:56,modified,7,.csv
2025-04-07 07:20:56,modified,7,.csv
2025-04-07 07:20:56,modified,7,.csv
2025-04-07 07:20:56,modified,7,.csv
2025-04-07 07:20:56,modified,7,.csv
2025-04-07 07:20:57,modified,7,.csv
2025-04-07 07:20:57,modified,7,.csv
2025-04-07 07:20:57,modified,7,.csv
2025-04-07 07:20:57,modified,7,.csv
2025-04-07 07:20:57,modified,7,.csv
2025-04-07 07:20:57,modified,7,.csv
2025-04-07 07:20:57,modified,7,.csv
2025-04-07 07:20:57,modified,7,.csv
2025-04-07 07:20:57,modified,7,.csv
2025-04-07 07:20:57,modified,7,.csv
2025-04-07 07:20:57,modified,7,.csv
2025-04-07 07:20:57,modified,7,.csv
2025-04-07 07:20:57,modified,7,.csv
2025-04-07 07:20:57,modified,7,.csv
2025-04-07 07:20:57,modified,7,.csv
2025-04-07 07:20:57,modified,7,.csv
2025-04-07 07:20:57,modified,7,.csv
2025-04-07 07:20:57,modified,7,.csv
2025-04-07 07:20:57,modified,7,.csv
2025-04-07 07:20:57,modified,7,.csv
2025-04-07 07:20:57,modified,7,.csv
2025-04-07 07:20:57,modified,7,.csv
2025-04-07 07:20:57,modified,7,.csv
2025-04-07 07:20:57,modified,7,.csv
2025-04-07 07:20:57,modified,7,.csv
2025-04-07 07:20:57,modified,7,.csv
2025-04-07 07:20:57,modified,7,.csv
2025-04-07 07:20:57,modified,7,.csv
2025-04-07 07:20:57,modified,7,.csv
2025-04-07 07:20:57,modified,7,.csv
2025-04-07 07:20:57,modified,7,.csv
2025-04-07 07:21:22,modified,7,.csv
2025-04-07 07:21:22,modified,7,.csv
2025-04-07 07:21:22,modified,7,.csv
2025-04-07 07:21:22,modified,7,.csv
2025-04-07 07:21:22,modified,7,.csv
2025-04-07 07:21:22,modified,7,.csv
2025-04-07 07:21:22,modified,7,.csv
2025-04-07 07:21:22,modified,7,.csv
2025-04-07 07:21:22,modified,7,.csv
2025-04-07 07:21:22,modified,7,.csv
2025-04-07 07:21:22,modified,7,.csv
2025-04-07 07:21:22,modified,7,.csv
2025-04-07 07:21:22,modified,7,.csv
2025-04-07 07:21:22,modified,7,.csv
2025-04-07 07:21:22,modified,7,.csv
2025-04-07 07:21:22,modified,7,.csv
2025-04-07 07:21:22,modified,7,.csv
2025-04-07 07:21:22,modified,7,.csv
2025-04-07 07:21:22,modified,7,.csv
2025-04-07 07:21:22,modified,7,.csv
2025-04-07 07:21:22,modified,7,.csv
2025-04-07 07:21:22,modified,7,.csv
2025-04-07 07:21:22,modified,7,.csv
2025-04-07 07:21:22,modified,7,.csv
2025-04-07 07:21:22,modified,7,.csv
2025-04-07 07:21:22,modified,7,.csv
2025-04-07 07:21:22,modified,7,.csv
2025-04-07 07:21:22,modified,7,.csv
2025-04-07 07:21:22,modified,7,.csv
2025-04-07 07:21:22,modified,7,.csv
2025-04-07 07:21:22,modified,7,.csv
2025-04-07 07:21:25,modified,7,.csv
2025-04-07 07:21:25,modified,7,.csv
2025-04-07 07:21:25,modified,7,.csv
2025-04-07 07:21:25,modified,7,.csv
2025-04-07 07:21:25,modified,7,.csv
2025-04-07 07:21:25,modified,7,.csv
2025-04-07 07:21:25,modified,7,.csv
2025-04-07 07:21:25,modified,7,.csv
2025-04-07 07:21:25,modified,7,.csv
2025-04-07 07:21:25,modified,7,.csv
2025-04-07 07:21:25,modified,7,.csv
2025-04-07 07:21:25,modified,7,.csv
2025-04-07 07:21:25,modified,7,.csv
2025-04-07 07:21:25,modified,7,.csv
2025-04-07 07:21:25,modified,7,.csv
2025-04-07 07:21:25,modified,7,.csv
2025-04-07 07:21:26,modified,7,.csv
2025-04-07 07:21:26,modified,7,.csv
2025-04-07 07:21:26,modified,7,.csv
2025-04-07 07:21:26,modified,7,.csv
2025-04-07 07:21:26,modified,7,.csv
2025-04-07 07:21:26,modified,7,.csv
2025-04-07 07:21:26,modified,7,.csv
2025-04-07 07:21:26,modified,7,.csv
2025-04-07 07:21:26,modified,7,.csv
2025-04-07 07:21:26,modified,7,.csv
2025-04-07 07:21:26,modified,7,.csv
2025-04-07 07:21:26,modified,7,.csv
2025-04-07 07:21:26,modified,7,.csv
2025-04-07 07:21:26,modified,7,.csv
2025-04-07 07:21:26,modified,7,.csv
2025-04-07 07:21:27,modified,7,.csv
2025-04-07 07:21:27,modified,7,.csv
2025-04-07 07:21:27,modified,7,.csv
2025-04-07 07:21:27,modified,7,.csv
2025-04-07 07:21:27,modified,7,.csv
2025-04-07 07:21:27,modified,7,.csv
2025-04-07 07:21:27,modified,7,.csv
2025-04-07 07:21:27,modified,7,.csv
2025-04-07 07:21:27,modified,7,.csv
2025-04-07 07:21:27,modified,7,.csv
2025-04-07 07:21:27,modified,7,.csv
2025-04-07 07:21:27,modified,7,.csv
2025-04-07 07:21:27,modified,7,.csv
2025-04-07 07:21:27,modified,7,.csv
2025-04-07 07:21:27,modified,7,.csv
2025-04-07 07:21:27,modified,7,.csv
2025-04-07 07:21:27,modified,7,.csv
2025-04-07 07:21:27,modified,7,.csv
2025-04-07 07:21:27,modified,7,.csv
2025-04-07 07:21:27,modified,7,.csv
2025-04-07 07:21:27,modified,7,.csv
2025-04-07 07:21:27,modified,7,.csv
2025-04-07 07:21:27,modified,7,.csv
2025-04-07 07:21:28,modified,7,.csv
2025-04-07 07:21:28,modified,7,.csv
2025-04-07 07:21:28,modified,7,.csv
2025-04-07 07:21:28,modified,7,.csv
2025-04-07 07:21:28,modified,7,.csv
2025-04-07 07:21:28,modified,7,.csv
2025-04-07 07:21:28,modified,7,.csv
2025-04-07 07:21:28,modified,7,.csv
2025-04-07 07:21:29,modified,7,.csv
2025-04-07 07:21:29,modified,7,.csv
2025-04-07 07:21:29,modified,7,.csv
2025-04-07 07:21:29,modified,7,.csv
2025-04-07 07:21:29,modified,7,.csv
2025-04-07 07:21:29,modified,7,.csv
2025-04-07 07:21:29,modified,7,.csv
2025-04-07 07:21:29,modified,7,.csv
2025-04-07 07:21:29,modified,7,.csv
2025-04-07 07:21:29,modified,7,.csv
2025-04-07 07:21:29,modified,7,.csv
2025-04-07 07:21:29,modified,7,.csv
2025-04-07 07:21:29,modified,7,.csv
2025-04-07 07:21:29,modified,7,.csv
2025-04-07 07:21:29,modified,7,.csv
2025-04-07 07:21:29,modified,7,.csv
2025-04-07 07:21:29,modified,7,.csv
2025-04-07 07:21:29,modified,7,.csv
2025-04-07 07:21:29,modified,7,.csv
2025-04-07 07:21:29,modified,7,.csv
2025-04-07 07:21:29,modified,7,.csv
2025-04-07 07:21:29,modified,7,.csv
2025-04-07 07:21:29,modified,7,.csv
2025-04-07 07:21:29,modified,7,.csv
2025-04-07 07:21:29,modified,7,.csv
2025-04-07 07:21:29,modified,7,.csv
2025-04-07 07:21:29,modified,7,.csv
2025-04-07 07:21:29,modified,7,.csv
2025-04-07 07:21:29,modified,7,.csv
2025-04-07 07:21:29,modified,7,.csv
2025-04-07 07:21:29,modified,7,.csv
